0B,BBL
0V,VFC
1A,AGT
1F,TTF
1I,EJA
1P,WSP
1Z,APD
2A,DBB
2B,AWT
2D,EAL
2E,EIX
2F,FAV
2I,SRU
2J,VBW
2K,GLG
2L,OAW
2M,MYD
2N,NTJ
2O,RNE
2P,GAP
2Q,SNC
2R,VRR
2T,BMA
2U,ERO
2W,WFL
2Z,PTB
3B,JBR
3C,CVA
3E,OMQ
3G,CXM
3H,AIE
3I,LFM
3J,JBW
3K,JSA
3L,ADY
3M,GFT
3N,URG
3O,MAC
3P,WPT
3R,DVR
3T,TRQ
3U,CSC
3V,TAY
3W,MWI
3Z,TVP
4A,AMP
4B,BTQ
4C,ARE
4D,ASD
4E,TNR
4F,FDT
4G,GZP
4K,SMK
4M,DSM
4O,MNE
4Q,SFW
4R,SEK
4S,STB
4U,GWI
4W,VNA
4X,ANX
4Y,OCN
4Z,LNK
5B,BSX
5C,ICL
5D,SLI
5E,BLK
5F,FIA
5G,SHS
5H,FFV
5J,CEB
5K,HFY
5M,MNT
5N,AUL
5O,FPO
5P,PCP
5R,RUC
5S,PSV
5T,MPE
5U,TGU
5W,WAZ
5X,UPS
5Y,GTI
5Z,KEM
6A,AMW
6B,BLX
6D,TVQ
6E,IGO
6F,PRW
6G,RLX
6H,ISR
6I,MMD
6K,SGB
6L,AKK
6N,NIN
6O,OBS
6Q,SAW
6R,DRU
6S,SGQ
6Y,ART
7A,XRC
7C,JJA
7E,AWU
7F,FAB
7G,SFJ
7H,RVF
7I,INC
7J,TJK
7L,CRN
7M,MYI
7N,PWD
7O,TVL
7P,PST
7R,RLU
7S,RYA
7W,WRC
7Y,MYP
8B,TNU
8C,ATN
8D,EXV
8E,BRG
8F,STP
8G,MFG
8H,BGH
8I,NLU
8J,ECO
8L,LKE
8M,MMA
8N,REG
8P,PCO
8Q,OHY
8R,AIA
8T,TID
8U,AAW
8V,ACP
8W,EDR
8Y,AAV
8Z,CGA
9C,CQH
9D,NMG
9E,EDV
9H,CGN
9I,LLR
9J,DAN
9K,KAP
9L,WLN
9M,GLR
9N,TOS
9P,JAD
9Q,CXE
9R,NSE
9S,SOO
9T,RUN
9U,MLD
9V,ROI
9W,JAI
9X,FDY
9Y,NAE
A0,EFW
A2,AWG
A3,AEE
A5,HOP
A6,HTU
A7,CFV
A8,XAU
AA,AAL
AB,BNZ
AC,ACA
AD,AZU
AE,MDA
AF,AFR
AH,DAH
AI,AIC
AK,AXM
AL,APP
AM,AMX
AN,RLA
AP,LAV
AR,ARG
AS,ASA
AT,RAM
AU,AUT
AV,AVA
AW,AFW
AX,LOF
AY,FIN
AZ,ITY
B0,DJT
B2,BRU
B3,BTN
B4,TAN
B5,EXZ
B6,JBU
B7,UIA
B8,ERT
B9,IRB
BA,BAW
BB,SBS
BC,SKY
BD,BYC
BE,BEE
BF,FBU
BG,BBC
BI,RBA
BJ,LBT
BK,OKA
BL,PIC
BM,BMR
BN,LWG
BP,BOT
BQ,SWU
BR,EVA
BT,BTI
BU,FPY
BV,BPA
BW,BWA
BX,ABL
BY,TOM
BZ,BBG
C0,CLW
C3,TDR
C5,UCA
C6,MFX
C7,RLE
C8,CRA
C9,SWZ
CA,CCA
CD,CND
CE,CLG
CF,CYZ
CG,TOK
CH,BMJ
CI,CAL
CJ,CFE
CK,CKK
CL,CLH
CM,CMP
CN,GDC
CO,FCB
CP,CPZ
CS,CXB
CT,CYL
CU,CUB
CV,CLX
CX,CPA
CY,CYP
CZ,CSN
D0,DHK
D2,SSF
D3,DAO
D4,LID
D6,INL
D7,XAX
D8,NSZ
D9,DNV
DA,GEO
DB,BZH
DC,BRX
DE,CFG
DF,CIB
DG,SRQ
DH,DTS
DI,NRS
DJ,WAJ
DK,VKG
DL,DAL
DM,DWI
DN,NAA
DQ,DCP
DS,EZS
DT,DTA
DU,NLH
DV,VSV
DW,GDE
DX,DTR
DY,NOZ
E3,VGO
E4,ENT
E5,RBG
E6,EWE
E8,BES
E9,EVE
EB,PLM
EC,EJU
ED,AXE
EE,EST
EG,ETJ
EH,AKX
EI,EIN
EJ,NEA
EK,UAE
EL,ELB
EN,DLA
EO,AGY
EP,IRC
EQ,TAE
ER,SEP
ES,ETR
ET,ETH
EV,ASQ
EW,EWG
EX,AVR
EY,ETD
EZ,SUS
F2,XLK
F3,FAD
F4,WAF
F6,VAW
F8,FLE
F9,FTT
FA,SFR
FB,LZB
FD,AIQ
FE,FEA
FG,AFG
FH,FHY
FI,ICE
FJ,FJI
FK,KFA
FL,TRS
FM,CSH
FN,FJW
FO,FXX
FR,RYR
FS,FOX
FT,FEG
FU,FZA
FV,SDM
FW,IBX
FX,FDX
FY,FFM
FZ,FDB
G3,GLO
G4,AAY
G5,HXA
G6,DNM
G7,GJS
G8,GOW
G9,ABY
GA,GIA
GB,ABX
GE,GBB
GF,GFA
GG,KYE
GH,GHA
GI,IKA
GJ,CDC
GL,GRL
GM,GSW
GO,GOE
GP,RIV
GQ,SEH
GR,AUR
GS,GCR
GT,CGH
GU,GUG
GV,SWV
GW,CRG
H2,SKU
H5,OMT
H6,BUC
H7,EGU
H9,HIM
HA,HAL
HB,HGB
HC,SZN
HD,ADO
HH,TBM
HJ,HEJ
HL,HES
HM,SEY
HO,DKH
HP,APF
HR,HHN
HS,HLI
HU,CHH
HV,TRA
HX,CRK
HY,UZB
HZ,SHU
I2,IBS
I3,TBZ
I6,MPK
I7,IIA
I8,IZA
IA,IAW
IB,IBE
ID,BTK
IE,SOL
IF,FBA
IG,ISS
IH,MZA
II,CSQ
IK,AKL
IN,NIH
IO,IAE
IR,IRA
IS,PNX
IT,TTW
IU,SJV
IW,WON
IX,AXB
IY,IYE
IZ,AIZ
J2,AHY
J3,PLR
J4,BDR
J6,OPS
J7,ABS
J8,BVT
JA,JAT
JB,JBA
JC,JAC
JD,CBJ
JE,MNO
JF,JAA
JH,FDA
JJ,TAM
JL,JAL
JM,JMA
JO,JTG
JQ,JST
JR,JOY
JS,KOR
JT,LNI
JU,ASL
JV,BLS
JW,VNL
JX,SJX
JY,IWY
JZ,JAP
K5,SQH
K6,KHV
K7,KBZ
K8,KND
K9,KFS
KA,HDA
KB,DRK
KC,KZR
KD,WGN
KE,KAL
KF,ABB
KG,GTV
KH,AAH
KJ,IAH
KK,KKK
KL,KLM
KM,KMM
KN,CUA
KO,KMA
KP,SKK
KQ,KQA
KR,KME
KS,PEN
KU,KAC
KV,SKV
KX,CAY
KY,KNA
KZ,NCA
L5,TLB
L7,LHS
L9,BAL
LA,LAN
LC,PTI
LF,VTE
LG,LGL
LH,DLH
LI,LIA
LJ,JNA
LK,LLL
LL,BSK
LN,LAA
LO,LOT
LP,LPE
LQ,MKR
LR,LRC
LS,EXS
LT,SNG
LU,LXP
LW,ANV
LX,SWR
LY,ELY
M0,MNG
M3,LTG
M4,MSA
M5,KEN
M6,AJT
M8,MSJ
MB,MNB
MD,MDG
ME,MEA
MF,CXA
MG,MGD
MH,MAS
MI,SLK
MJ,MLR
MK,MAU
ML,FML
MM,APJ
MN,CAW
MO,CAV
MP,MPH
MQ,ENY
MR,MML
MS,MSR
MT,TCX
MU,CES
MV,MAR
MW,MKL
MX,MXY
MY,MWG
MZ,AHX
N0,NBT
N4,NWS
N5,NRL
N7,WBA
N8,MUA
N9,NVR
NA,NSS
NB,EAN
NC,JTE
ND,FMI
NE,NMA
NF,AVN
NG,NAI
NH,ANA
NI,PGA
NK,NKS
NL,AEH
NN,MOV
NO,NOS
NP,NIA
NQ,AJX
NR,MAV
NT,IBB
NU,JTA
NV,IRG
NX,AMU
NY,FXI
NZ,ANZ
O4,ANS
O5,KMZ
O9,NOV
OA,OAL
OB,BOV
OC,NGK
OE,LDM
OF,OLA
OG,FPY
OH,JIA
OI,HND
OJ,FJM
OK,CSA
OL,PAO
OM,MGL
ON,RON
OO,SKW
OP,PPL
OR,TFL
OS,AUA
OT,CDO
OU,CTN
OV,OMS
OW,SEW
OX,OEA
OY,OAE
OZ,AAR
P0,PFZ
P2,XAK
P3,CLU
P4,APK
P5,RPB
P6,PSC
P8,SRN
P9,PVN
PA,ABQ
PB,SPR
PC,PGT
PD,POE
PE,PEV
PF,PRI
PG,BKP
PI,RKA
PK,PIA
PM,CNF
PO,PAC
PP,PJS
PQ,APG
PR,PAL
PS,AUI
PT,PDT
PV,SBU
PW,PRF
PX,ANG
PY,SLM
PZ,LAP
Q2,DQA
Q3,AXL
Q5,MLA
Q6,VOC
Q7,SBM
Q8,TSG
QB,IRQ
QC,CRC
QD,DOB
QE,QFZ
QF,QFA
QG,CTV
QH,BAV
QJ,LTP
QK,JZA
QL,LER
QN,SKP
QP,AKJ
QQ,FWQ
QR,QTR
QS,TVS
QT,TPA
QU,UTN
QV,LAO
QX,QXE
QZ,AWQ
R2,GTS
R3,SYL
R4,RLT
R5,JAV
R6,DNU
R7,OCA
R8,KGA
R9,TSD
RA,RNA
RB,SYR
RC,FLI
RE,STK
RF,EOK
RG,RJD
RI,MDL
RJ,RJA
RL,ABG
RM,NGT
RN,RKT
RO,ROT
RP,CHQ
RQ,KMF
RR,RYS
RS,ASV
RT,RAT
RU,SKI
RW,RYL
RY,CJX
RZ,LRS
S0,NSO
S1,LSY
S2,RSH
S3,BBR
S4,RZO
S5,TCF
S6,SNR
S7,SBI
S8,SDA
S9,IKM
SA,SAA
SB,ACI
SC,CDG
SD,SUD
SF,DTH
SG,SEJ
SI,BCI
SJ,SJY
SK,SAS
SL,TLM
SM,MSC
SN,BEL
SQ,SIA
SR,SDR
SS,CRL
ST,GMI
SU,AFL
SV,SVA
SW,NMB
SX,SRK
SY,SCX
SZ,SMR
T2,FLB
T3,EZE
T5,TUA
T6,ITI
T7,TJT
TA,TAI
TB,JAF
TC,ATC
TE,IGA
TF,BRA
TG,THA
TH,RMY
TI,TWI
TJ,GPD
TK,THY
TL,ANO
TM,LAM
TN,THT
TO,TVF
TP,TAP
TQ,TDM
TR,SCO
TS,TSC
TU,TAR
TV,TBA
TW,TWB
TX,FWI
TY,TPC
U2,EZY
U4,BHA
U6,SVR
U8,CYF
UA,UAL
UB,UBA
UC,LCO
UD,HER
UF,UKM
UH,UJX
UI,AUK
UJ,LMU
UK,VTI
UL,ALK
UM,AZW
UN,UNA
UO,HKE
UP,BHS
UR,UGD
US,AWE
UT,UTA
UU,REU
UX,AEA
UY,SPD
UZ,BRQ
V0,VCV
V2,RBY
V3,KRP
V4,VES
V5,DAP
V7,VOE
V8,IAR
VA,VOZ
VB,VIV
VC,SRY
VE,EFY
VF,TKJ
VG,VLM
VH,VVC
VJ,VJC
VK,FOO
VL,VIM
VM,NGL
VN,HVN
VO,WLM
VP,VQI
VR,TCV
VS,VIR
VT,VTA
VU,VAR
VV,VPE
VW,TAO
VY,VLG
VZ,TVJ
W2,FXT
W3,ARA
W4,WMT
W5,IRM
W6,WZZ
W7,SAH
W8,WND
WA,KLC
WB,RWD
WC,ISV
WD,AAN
WE,THD
WF,WIF
WG,SWG
WI,WHT
WJ,LAL
WK,EDW
WL,ECB
WM,WIA
WN,SWA
WO,WOA
WP,MKU
WR,WEN
WS,WJA
WT,SWT
WU,TKC
WV,RVP
WX,BCY
WY,OAS
WZ,RWZ
X3,TUI
X6,ATA
X7,CHG
X9,NVD
XC,CAI
XE,JSX
XF,VLK
XJ,TAX
XK,CCM
XL,LNE
XM,IMX
XN,XAR
XP,CXP
XQ,SXS
XR,CXI
XS,SIT
XT,INX
XW,NCT
XY,KNE
XZ,AEZ
Y2,CEY
Y4,VOI
Y6,AYD
Y7,TYA
Y8,YZR
Y9,IRK
YC,LLM
YG,OTL
YH,AYG
YJ,AWM
YL,LWA
YM,MGX
YN,CRQ
YO,MCM
YP,PAG
YQ,LCT
YR,SCE
YS,RAE
YT,NYT
YU,MMZ
YV,ASH
YW,ANE
YX,MEP
YZ,ALY
Z0,UBT
Z2,APG
Z4,GZQ
Z5,GMG
Z6,UDN
Z7,AUZ
Z8,AZN
Z9,BEK
ZA,SWM
ZB,ABN
ZC,FZW
ZD,EWR
ZE,ESR
ZF,KTK
ZG,GOZ
ZH,CSZ
ZI,AAF
ZJ,ZMA
ZK,GLA
ZL,RXA
ZM,MBB
ZN,AZB
ZP,AZP
ZQ,AZM
ZT,AWC
ZV,VAX
ZW,AWI
ZX,GGN
